subbasin,year,area_ha,avg_water_m3,avg_flow_liter_s,avg_water_m3_wip,avg_flow_liter_s_wip,avg_flow_liter_s_wip_vector,avg_flow_liter_s_wip_pct,avg_tn_kg,avg_tp_kg,avg_tsed_kg,avg_nitrate_kg,avg_dissolved_p_kg,avg_tn_kg_wip,avg_tp_kg_wip,avg_tsed_kg_wip,avg_nitrate_kg_wip,avg_dissolved_p_kg_wip,avg_tn_kg_wip_vector,avg_tp_kg_wip_vector,avg_tsed_kg_wip_vector,avg_nitrate_kg_wip_vector,avg_dissolved_p_kg_wip_vector,avg_tn_wip_pct,avg_tp_wip_pct,avg_tsed_wip_pct,avg_nitrate_wip_pct,avg_dissolved_p_wip_pct
1,2010,9601.8,3197951.667,1233.776667,3178859.966,1226.413333,-7.364166667,-0.68,6994.110833,839.3575,305657.3,11846.48667,19347.69833,4618.466667,440.8808333,170431.95,11775.76167,13121.83917,-2375.645,-398.475,-135225.35,-70.72083333,-6225.859167,-31.35166667,-49.28916667,-45.67166667,-0.68,-30.86166667
1,2011,9601.8,5664829.917,2185.505833,5660965.333,2184.014167,-1.49,-0.061666667,14709.15833,1633.105,645721.05,20984.78583,24400.475,10782.8225,994.5875,350465.7,20970.46833,18046.55583,-3926.335833,-638.5191667,-295255.35,-14.315,-6353.921667,-26.32166667,-35.84833333,-42.10666667,-0.061666667,-26.31416667
1,2012,9601.8,3817795.833,1472.915,3814715.083,1471.726667,-1.188333333,-0.0025,19511.6575,1394.661667,374470.2,14142.63583,50284.2875,14698.75583,776.9458333,201637.8,14131.2225,38291.30583,-4812.900833,-617.715,-172832.4,-11.41083333,-11992.9825,-24.915,-46.705,-48.1,-0.0025,-24.92416667
1,2013,9601.8,3575630.167,1379.4875,3588408.75,1384.416667,4.93,0.134166667,10297.13,922.5733333,284853.4,13245.55833,25802.17,8379.971667,649.7208333,208839.15,13292.89583,20403.36167,-1917.159167,-272.8516667,-76014.25,47.33666667,-5398.8075,-21.43583333,-42.83333333,-39.55416667,0.134166667,-21.64083333
1,2014,9601.8,4027859,1553.9575,4031155.75,1555.230833,1.271666667,-0.0825,10123.49833,1250.635,384872.15,14920.7925,22703.79583,7760.653333,852.9616667,235244.1,14933.00583,16985.70417,-2362.8425,-397.6733333,-149628.05,12.21083333,-5718.090833,-26.53166667,-48.20916667,-54.41333333,-0.0825,-26.50833333
2,2010,27.12,9053.833333,3.493333333,9055.416667,3.494166667,0,0.003333333,6.626666667,0.3625,368.38,0.095,19.09916667,6.25,0.371666667,372.9,0.095,18.05583333,-0.380833333,0.01,4.52,0,-1.043333333,-5.2675,6.2425,2.038333333,0.003333333,-5.2725
2,2011,27.12,16234.33333,6.263333333,16226,6.259166667,-0.003333333,-0.06,15.62583333,0.658333333,531.1,0.169166667,25.59833333,13.69916667,0.653333333,533.36,0.169166667,22.62833333,-1.925833333,-0.003333333,2.26,0,-2.969166667,-11.515,0.245,-0.191666667,-0.06,-11.46416667
2,2012,27.12,11326.08333,4.368333333,11321.5,4.3675,-0.001666667,-0.013333333,47.58916667,2.354166667,700.6,0.1175,121.8683333,37.73916667,1.3025,501.72,0.1175,97.23416667,-9.85,-1.0525,-198.88,0,-24.63333333,-19.54833333,-50.22083333,-24.65833333,-0.013333333,-19.54083333
2,2013,27.12,10736.5,4.140833333,10729.25,4.14,-0.0025,-0.1625,22.60666667,1.370833333,598.9,0.113333333,53.76333333,18.86083333,0.7675,438.44,0.113333333,44.74916667,-3.748333333,-0.604166667,-160.46,0,-9.013333333,-16.8425,-50.22166667,-26.5225,-0.1625,-16.7175
2,2014,27.12,11946,4.608333333,11930.66667,4.6025,-0.005833333,-0.2,16.81083333,1.9275,777.44,0.125,37.2225,13.62333333,1.3025,549.18,0.123333333,30.1575,-3.185833333,-0.625833333,-228.26,0,-7.065,-19.22583333,-47.2025,-28.81083333,-0.2,-19.06833333
3,2010,610.25,198023.5833,76.3975,197434.8333,76.17083333,-0.2275,-0.321666667,426.3616667,43.43,18358.35417,46.62166667,1199.386667,287.7841667,22.88333333,10170.83333,46.48333333,834.7366667,-138.5783333,-20.54416667,-8187.520833,-0.139166667,-364.6491667,-28.7,-44.6425,-43.02916667,-0.321666667,-28.4675
3,2011,610.25,352867.4167,136.135,353351.4167,136.3233333,0.186666667,0.165,1027.456667,91.18166667,39615.39583,83.07916667,1738.6525,736.7233333,52.125,20901.0625,83.19083333,1253.35,-290.7341667,-39.055,-18714.33333,0.113333333,-485.3041667,-27.74666667,-36.32666667,-43.5725,0.165,-27.91083333
3,2012,610.25,248059.5,95.7,247530,95.49666667,-0.205,-0.103333333,1748.4675,86.80833333,24511.70833,58.40166667,4645.229167,1338.125833,46.93833333,13679.77083,58.2775,3580.465833,-410.3416667,-39.86833333,-10831.9375,-0.124166667,-1064.763333,-24.05666667,-49.14333333,-45.05166667,-0.103333333,-23.99416667
3,2013,610.25,227170.75,87.6425,228532.4167,88.16916667,0.525833333,0.19,796.4275,53.955,16120.77083,53.48333333,2013.655833,656.9341667,37.12333333,12967.8125,53.80416667,1617.546667,-139.4933333,-16.83333333,-3152.958333,0.320833333,-396.1108333,-19.51833333,-44.49833333,-35.37333333,0.19,-19.8725
3,2014,610.25,259187.5,99.99416667,259357.6667,100.06,0.065,-0.21,729.1975,84.01083333,25477.9375,61.0225,1647.674167,538.5466667,53.4475,16019.0625,61.0625,1200.7075,-190.6516667,-30.5625,-9458.875,0.04,-446.965,-28.3525,-53.1675,-51.26166667,-0.21,-28.25666667
4,2010,1147.7,380375.5833,146.7508333,377079.75,145.4783333,-1.270833333,-0.933333333,783.7833333,75.93833333,30031.48333,168.4241667,2213.126667,550.3233333,44.3775,19128.33333,166.9658333,1613.308333,-233.4616667,-31.56166667,-10903.15,-1.46,-599.8175,-26.82416667,-40.59,-38.3175,-0.933333333,-26.11833333
4,2011,1147.7,677364,261.3291667,675923.5833,260.7741667,-0.555833333,-0.255,1801.699167,161.0608333,62740.93333,299.9258333,3033.458333,1333.053333,98.60666667,38161.025,299.2883333,2268.330833,-468.6458333,-62.455,-24579.90833,-0.6375,-765.1275,-25.71583333,-34.46833333,-36.55,-0.255,-25.55916667
4,2012,1147.7,457509.5833,176.5083333,456281.5833,176.0341667,-0.475,-0.141666667,2719.378333,133.0366667,37491.53333,202.5791667,7267.775833,2091.874167,73.835,21901.94167,202.0341667,5632.45,-627.5058333,-59.20333333,-15589.59167,-0.544166667,-1635.323333,-23.46916667,-43.62833333,-43.02,-0.141666667,-23.36166667
4,2013,1147.7,425292.6667,164.0775,426130.5833,164.4033333,0.3225,-0.145,1389.4825,100.0433333,30892.25833,188.3133333,3518.291667,1114.033333,68.00083333,23719.13333,188.6833333,2763.983333,-275.4491667,-32.04083333,-7173.125,0.3725,-754.3083333,-21.24916667,-49.55,-37.19333333,-0.145,-21.25416667
4,2014,1147.7,481312.9167,185.6916667,480197.5833,185.2616667,-0.429166667,-0.489166667,1263.14,134.5691667,40934.63333,213.1175,2898.96,945.5133333,83.9725,25727.60833,212.6241667,2142.879167,-317.6275,-50.595,-15207.025,-0.494166667,-756.0808333,-27.10666667,-53.37166667,-52.30333333,-0.489166667,-26.79166667
5,2010,2.2614,726.5,0.28,711.75,0.275833333,-0.006666667,-1.919166667,2.410833333,0.3625,181.8533333,0,6.854166667,0.468333333,0.06,95.1675,0,1.380833333,-1.940833333,-0.301666667,-86.6875,0,-5.4725,-79.50916667,-77.85416667,-45.2075,-1.919166667,-79.32
5,2011,2.2614,1284.583333,0.495833333,1266.833333,0.488333333,-0.0075,-1.573333333,5.325,0.56,263.8291667,0,8.684166667,2.228333333,0.11,132.4791667,0,3.529166667,-3.098333333,-0.449166667,-131.3491667,0,-5.155,-61.47083333,-70.29166667,-43.42666667,-1.573333333,-61.15583333
5,2012,2.2614,938.1666667,0.361666667,946.1666667,0.364166667,0.004166667,1.399166667,13.23666667,0.74,207.2958333,0,35.06416667,10.70083333,0.555833333,150.76,0,27.91916667,-2.535833333,-0.1825,-56.535,0,-7.145,-23.42583333,-45.79916667,-34.21166667,1.399166667,-24.58583333
5,2013,2.2614,836.1666667,0.321666667,862.8333333,0.335,0.01,3.0175,5.493333333,0.363333333,167.3425,0,13.7075,4.733333333,0.283333333,125.8841667,0,11.375,-0.76,-0.079166667,-41.46,0,-2.330833333,-16.01833333,-38.05666667,-28.79583333,3.0175,-18.55833333
5,2014,2.2614,990.25,0.3825,997.9166667,0.385,0.0025,0.609166667,4.516666667,0.67,212.7591667,0,9.691666667,3.4675,0.5475,161.5008333,0,7.309166667,-1.05,-0.1225,-51.25833333,0,-2.380833333,-29.875,-40.87916667,-30.88416667,0.609166667,-30.2425
6,2010,809.45,276962.1667,106.8525,275874.0833,106.4333333,-0.418333333,-0.439166667,586.0425,77.50666667,20506.06667,86.4925,1578.2625,357.575,35.88583333,9645.945833,86.15166667,955.2066667,-228.4675,-41.61916667,-10860.12083,-0.340833333,-623.0533333,-38.55333333,-56.37333333,-55.75416667,-0.439166667,-38.26416667
6,2011,809.45,488079.5,188.3008333,486965.75,187.8725,-0.43,-0.234166667,1326.08,137.4041667,41079.5875,152.4216667,2114.759167,932.5541667,79.73166667,20033.8875,152.075,1500.900833,-393.5283333,-57.6725,-21045.7,-0.3475,-613.8591667,-29.35916667,-38.82416667,-47.025,-0.234166667,-29.21
6,2012,809.45,334572,129.0783333,335080.5833,129.2741667,0.195833333,0.341666667,2502.751667,222.9358333,37369.60833,104.4833333,6228.9325,1825.510833,116.7641667,19966.43333,104.6425,4599.22,-677.2391667,-106.1733333,-17403.175,0.159166667,-1629.71,-27.74583333,-59.20416667,-54.5275,0.341666667,-28.045
6,2013,809.45,311521.4167,120.1875,312726.3333,120.6508333,0.463333333,0.188333333,1208.980833,128.3658333,25700.0375,97.28416667,2898.8025,912.25,71.63666667,13625.74167,97.66083333,2152.44,-296.7325,-56.73083333,-12074.29583,0.376666667,-746.3633333,-26.74833333,-59.29083333,-56.0025,0.188333333,-26.95583333
6,2014,809.45,355510.5,137.1558333,355607,137.1941667,0.038333333,-0.1375,1141.999167,170.3216667,35818.1625,111.0225,2429.575833,815.3175,110.355,19898.97917,111.0525,1707.306667,-326.6825,-59.96583333,-15919.18333,0.030833333,-722.2708333,-32.10083333,-56.0775,-60.98916667,-0.1375,-32.02583333
7,2010,5.9395,2050.166667,0.7925,2050.333333,0.7925,0,0.009166667,1.015,0.009166667,3.465,0.004166667,2.8325,1.010833333,0.009166667,3.465,0.004166667,2.8275,-0.003333333,0,0,0,-0.005833333,-0.265833333,0,0,0.009166667,-0.275
7,2011,5.9395,3664.583333,1.415,3664.583333,1.415,0,0.000833333,1.884166667,0.024166667,6.93,0.008333333,3.2725,1.8725,0.024166667,6.93,0.008333333,3.2525,-0.013333333,0,0,0,-0.02,-0.800833333,0,0,0.000833333,-0.801666667
7,2012,5.9395,2470.75,0.9525,2470.75,0.9525,0,0,1.758333333,0.013333333,3.465,0.006666667,4.255,1.696666667,0.013333333,3.465,0.006666667,4.09,-0.060833333,0.000833333,0,0,-0.165,-3.808333333,2.7775,0,0,-3.808333333
7,2013,5.9395,2397.5,0.925,2397.5,0.925,0,-0.000833333,1.555,0.0175,4.455,0.005833333,3.6725,1.54,0.0175,4.455,0.005833333,3.641666667,-0.014166667,0,0,0,-0.0325,-0.746666667,0,0,-0.000833333,-0.745833333
7,2014,5.9395,2687,1.036666667,2686.916667,1.036666667,0,0,1.286666667,0.019166667,4.95,0.006666667,2.858333333,1.2825,0.02,4.95,0.006666667,2.8475,-0.005,0.000833333,0,0,-0.009166667,-0.3475,0.833333333,0,0,-0.345833333
8,2010,517.09,166182.75,64.115,165995.3333,64.04083333,-0.0725,-0.045,479.7291667,47.95833333,18787.60333,33.15166667,1387.145,328.1366667,25.51083333,10945.07167,33.11583333,986.2108333,-151.5925,-22.45083333,-7842.531667,-0.0375,-400.9358333,-27,-38.96083333,-35.8225,-0.045,-27.005
8,2011,517.09,295703.5,114.0841667,296515.8333,114.3975,0.3125,0.275,784.0375,88.9825,36067.0275,58.99,1336.144167,522.9933333,46.71,17796.51417,59.15416667,891.3116667,-261.045,-42.27083333,-18270.51333,0.164166667,-444.8325,-33.26166667,-40.96333333,-44.665,0.275,-33.515
8,2012,517.09,202933.6667,78.29166667,202150.25,77.99083333,-0.300833333,-0.375,1364.1275,68.16916667,24001.59417,40.485,3654.946667,1126.653333,61.87833333,16589.97083,40.3275,3033.715833,-237.4741667,-6.2925,-7411.623333,-0.1575,-621.2275,-20.20083333,-19.48583333,-32.79083333,-0.375,-19.90916667
8,2013,517.09,187201.5833,72.2225,188443.1667,72.70166667,0.479166667,0.366666667,694.8408333,49.64083333,17408.69667,37.34583333,1794.993333,626.6691667,58.4325,17796.51417,37.59416667,1574.248333,-68.17,8.789166667,387.8175,0.248333333,-220.745,-12.34666667,5.548333333,-6.6,0.366666667,-12.77416667
8,2014,517.09,209707.0833,80.905,210355.6667,81.15583333,0.25,0.108333333,611.4158333,67.48083333,23786.14,41.83583333,1441.834167,542.0841667,71.53083333,22062.50667,41.965,1251.238333,-69.33333333,4.05,-1723.633333,0.129166667,-190.5958333,-14.64833333,-0.840833333,-12.38333333,0.108333333,-14.77666667
9,2010,4.2242,1615.5,0.623333333,1620.75,0.625833333,0.000833333,0.333333333,0.72,0.015833333,23.93666667,0.000833333,1.785833333,0.679166667,0.011666667,12.6725,0.000833333,1.666666667,-0.04,-0.004166667,-11.26416667,0,-0.119166667,-4.1375,-54.64,-79.53666667,0.333333333,-4.464166667
9,2011,4.2242,2877.75,1.110833333,2887.75,1.114166667,0.001666667,0.56,1.5125,0.023333333,22.17666667,0.005,2.4475,1.438333333,0.01,5.631666667,0.005,2.314166667,-0.074166667,-0.010833333,-16.54416667,0,-0.1325,-4.9375,-49.17416667,-74.265,0.56,-5.47
9,2012,4.2242,1740.5,0.671666667,1747.583333,0.674166667,0.0025,0.4425,1.088333333,0.015,17.95,0,2.651666667,0.970833333,0.006666667,5.28,0,2.339166667,-0.116666667,-0.008333333,-12.67,0,-0.315,-11.42833333,-81.0575,-82.90583333,0.4425,-11.84083333
9,2013,4.2242,1780.416667,0.689166667,1788.583333,0.69,0.001666667,0.591666667,1.061666667,0.018333333,18.65666667,0.000833333,2.504166667,0.996666667,0.011666667,8.095833333,0.000833333,2.340833333,-0.066666667,-0.006666667,-10.55916667,0,-0.1625,-5.37,-51.51166667,-75.8975,0.591666667,-5.929166667
9,2014,4.2242,1969.916667,0.76,1982.166667,0.765833333,0.005833333,0.863333333,0.968333333,0.024166667,25.69666667,0.000833333,2.045,0.9,0.0175,13.025,0.000833333,1.913333333,-0.0675,-0.006666667,-12.6725,0,-0.1325,-6.798333333,-43.42083333,-82.18916667,0.863333333,-7.588333333
10,2010,4.173,1428.25,0.551666667,1420,0.548333333,-0.0025,-0.505833333,1.678333333,0.285833333,254.9025,0,4.686666667,0.951666667,0.195833333,245.5125,0,2.72,-0.7275,-0.0925,-9.389166667,0,-1.964166667,-41.65166667,-29.67833333,-3.871666667,-0.505833333,-41.38083333
10,2011,4.173,2472.416667,0.953333333,2463.25,0.951666667,-0.004166667,-0.4575,2.546666667,0.485833333,364.4416667,0.0025,4.148333333,1.5825,0.321666667,343.9241667,0.001666667,2.6425,-0.963333333,-0.164166667,-20.51833333,0,-1.505833333,-36.795,-37.05583333,-4.893333333,-0.4575,-36.48666667
10,2012,4.173,1760.75,0.6775,1767.166667,0.681666667,0.003333333,0.5825,2.8125,0.2525,243.425,0,6.9525,2.405,0.233333333,240.9908333,0,5.9225,-0.409166667,-0.020833333,-2.434166667,0,-1.029166667,-16.575,-9.518333333,-1.62,0.5825,-17.0975
10,2013,4.173,1639.416667,0.630833333,1663.25,0.6425,0.01,1.339166667,1.648333333,0.223333333,248.99,0,3.920833333,1.638333333,0.234166667,250.38,0,3.804166667,-0.008333333,0.009166667,1.390833333,0,-0.115833333,-3.123333333,3.084166667,0.358333333,1.339166667,-4.4175
10,2014,4.173,1837.25,0.706666667,1847.5,0.711666667,0.004166667,0.405833333,1.5725,0.2525,266.3791667,0.000833333,3.419166667,1.3525,0.255,267.4225,0.000833333,2.923333333,-0.22,0.003333333,1.0425,0,-0.4975,-17.23833333,0.569166667,0.228333333,0.405833333,-17.57583333
11,2010,1965.6,686258.1667,264.7608333,686390.75,264.8116667,0.0525,0.015,857.6566667,92.38333333,28992.6,520.4141667,2296.9775,695.33,65.19083333,22113,520.5125,1871.135,-162.3258333,-27.18916667,-6879.6,0.101666667,-425.8408333,-17.77,-33.70333333,-29.10583333,0.015,-17.78333333
11,2011,1965.6,1212388.75,467.7416667,1213078.333,468.0091667,0.2675,0.069166667,1588.531667,149.2216667,45208.8,919.395,2515.126667,1258.1475,111.7125,32760,919.9191667,1991.576667,-330.3841667,-37.51166667,-12448.8,0.5225,-523.5508333,-21.2475,-22.54416667,-25.39333333,0.069166667,-21.30416667
11,2012,1965.6,824469.3333,318.0825,825006.5,318.2891667,0.206666667,0.055,4333.658333,340.375,78951.6,625.2225,10444.92417,3917.439167,379.3625,72399.6,625.6291667,9371.873333,-416.2158333,38.98416667,-6552,0.408333333,-1073.05,-11.545,1.543333333,-16.50583333,0.055,-11.59083333
11,2013,1965.6,789103.25,304.4375,790493.8333,304.975,0.535833333,0.17,2137.2625,195.9041667,53890.2,598.4033333,4923.994167,2043.076667,219.9833333,52416,599.4583333,4666.218333,-94.185,24.0775,-1474.2,1.053333333,-257.775,-5.873333333,7.63,-7.435,0.17,-6.034166667
11,2014,1965.6,885617.4167,341.6733333,886873.6667,342.1575,0.485,0.1525,1960.686667,286.4866667,80589.6,671.5933333,4033.040833,1891.5625,312.8583333,79115.4,672.545,3871.539167,-69.12416667,26.37,-1474.2,0.954166667,-161.5,-6.33,3.285,-4.054166667,0.1525,-6.4625
12,2010,713.9,242588.6667,93.59083333,242255.5,93.46416667,-0.128333333,-0.274166667,252.8991667,21.12,12255.28333,66.815,707.2425,219.4041667,13.97916667,7733.916667,66.7225,622.485,-33.49416667,-7.138333333,-4521.366667,-0.090833333,-84.76083333,-11.17833333,-32.52833333,-35.15666667,-0.274166667,-10.9325
12,2011,713.9,433643.6667,167.3016667,433725.1667,167.3333333,0.03,-0.0475,407.875,36.825,22487.85,119.4375,685.4233333,352.4291667,25.105,12433.75833,119.4583333,600.4658333,-55.445,-11.72,-10054.09167,0.0225,-84.9575,-12.6775,-28.65833333,-42.04666667,-0.0475,-12.635
12,2012,713.9,289346.6667,111.6325,289341.3333,111.63,-0.001666667,-0.053333333,342.6725,16.6575,9399.683333,79.69166667,841.2741667,316.4366667,15.40916667,6841.541667,79.69166667,776.2791667,-26.235,-1.248333333,-2558.141667,-0.0025,-64.99333333,-7.7225,-10.83666667,-30.25833333,-0.053333333,-7.68
12,2013,713.9,279731.5833,107.9216667,280145.0833,108.0816667,0.16,0.083333333,258.1941667,14.93333333,8031.375,77.04416667,619.3008333,259.2066667,16.30166667,7733.916667,77.15833333,614.2741667,1.011666667,1.368333333,-297.4583333,0.113333333,-5.025833333,-1.386666667,-0.466666667,-13.3425,0.083333333,-1.471666667
12,2014,713.9,311318.25,120.1083333,311747.0833,120.2725,0.165833333,0.126666667,255.5175,18.32333333,9161.716667,85.745,565.9808333,242.0125,18.6225,7971.883333,85.86333333,533.5341667,-13.50416667,0.299166667,-1189.833333,0.118333333,-32.44583333,-7.225833333,-4.4725,-18.52833333,0.126666667,-7.340833333
13,2010,0.8278,290.1666667,0.111666667,290.1666667,0.111666667,0,0,0.1175,0.000833333,0.275833333,0,0.3275,0.1175,0.000833333,0.275833333,0,0.3275,0,0,0,0,0,0,0,0,0,0
13,2011,0.8278,513.5,0.1975,513.5,0.1975,0,0,0.209166667,0.000833333,0.275833333,0,0.340833333,0.209166667,0.000833333,0.275833333,0,0.340833333,0,0,0,0,0,0,0,0,0,0
13,2012,0.8278,336.0833333,0.128333333,336.0833333,0.128333333,0,0,0.154166667,0,0.069166667,0,0.379166667,0.154166667,0,0.069166667,0,0.379166667,0,0,0,0,0,0,0,0,0,0
13,2013,0.8278,335.4166667,0.129166667,335.4166667,0.129166667,0,0,0.160833333,0,0.138333333,0,0.383333333,0.160833333,0,0.138333333,0,0.383333333,0,0,0,0,0,0,0,0,0,0
13,2014,0.8278,381.3333333,0.1475,381.3333333,0.1475,0,0,0.143333333,0,0.276666667,0,0.304166667,0.143333333,0,0.276666667,0,0.304166667,0,0,0,0,0,0,0,0,0,0
14,2010,4890,1618948.667,624.5941667,1613667.583,622.5566667,-2.036666667,-0.370833333,3359.43,292.1775,108395,3054.265833,9524.565833,2640.1925,185.82,71720,3044.3025,7663.330833,-719.2375,-106.3575,-36675,-9.965,-1861.234167,-19.24,-33.48333333,-30.63083333,-0.370833333,-18.94083333
14,2011,4890,2804851.083,1082.119167,2806966,1082.935,0.815833333,0.073333333,5671.585,519.5625,198452.5,5291.558333,9582.6375,4330.91,330.89,114915,5295.549167,7272.391667,-1340.675,-188.6725,-83537.5,3.99,-2310.2475,-25.30666667,-32.685,-39.06666667,0.073333333,-25.37916667
14,2012,4890,1923779.083,742.1983333,1922927.25,741.87,-0.328333333,-0.039166667,8649.1875,385.0875,127547.5,3629.35,22517.88917,7447.0625,385.0875,98207.5,3627.743333,19338.39,-1202.125,0,-29340,-1.605,-3179.4975,-15.84916667,-9.411666667,-25.19916667,-0.039166667,-15.80416667
14,2013,4890,1808843.667,697.8558333,1814817.583,700.1608333,2.304166667,0.271666667,4738.0025,303.995,96170,3412.5175,11921.20667,4393.665,354.1175,97800,3423.786667,10842.70583,-344.3375,50.1225,1630,11.26916667,-1078.5,-9.32,9.076666667,-4.181666667,0.271666667,-9.574166667
14,2014,4890,2012027.25,776.2458333,2017720.083,778.44,2.1975,0.315833333,4373.6975,405.4625,131215,3795.839167,10065.5675,3996.76,437.2475,123472.5,3806.578333,9050.133333,-376.9375,31.785,-7742.5,10.73916667,-1015.433333,-11.25833333,4.123333333,-10.99,0.315833333,-11.5275
15,2010,41.252,13685.08333,5.279166667,13089.25,5.0525,-0.2325,-4.408333333,60.26,6.426666667,2729.5075,0.218333333,167.8433333,34.65833333,3.2875,1670.705833,0.2075,108.1958333,-25.60083333,-3.14,-1058.8025,-0.009166667,-59.64916667,-36.41,-40.0325,-28.8925,-4.408333333,-33.545
15,2011,41.252,23590.41667,9.100833333,23222.33333,8.959166667,-0.141666667,-1.76,96.0275,11.15166667,4424.2775,0.375833333,163.7291667,64.27416667,6.584166667,2781.0725,0.369166667,107.0925,-31.755,-4.5675,-1643.204167,-0.005833333,-56.63583333,-36.24416667,-40.79416667,-35.98,-1.76,-35.49333333
15,2012,41.252,16192.41667,6.2475,15717.66667,6.063333333,-0.183333333,-2.854166667,160.2366667,8.615,3265.784167,0.258333333,440.6583333,123.9566667,7.126666667,2231.046667,0.25,352.1325,-36.28166667,-1.49,-1034.7375,-0.006666667,-88.52333333,-26.43,-24.82583333,-30.8325,-2.854166667,-24.27083333
15,2013,41.252,14689.08333,5.6675,14244.41667,5.495833333,-0.171666667,-3.1575,99.15833333,6.840833333,2729.5075,0.234166667,259.9575,67.30833333,6.194166667,2220.7325,0.226666667,182.195,-31.85,-0.646666667,-508.775,-0.005833333,-77.76083333,-29.36166667,-11.13666667,-18.15166667,-3.1575,-27.23
15,2014,41.252,17317.5,6.683333333,16832.75,6.495833333,-0.1875,-3.005,83.19666667,10.71416667,4159.5775,0.275,186.2058333,66.50583333,9.436666667,3413.603333,0.2675,148.1541667,-16.69,-1.275833333,-745.9725,-0.006666667,-38.05083333,-23.2125,-17.41,-18.835,-3.005,-21.065
16,2010,212.36,67057.5,25.87,67073.83333,25.87666667,0.005833333,0.1025,185.62,15.165,6724.733333,5.493333333,544.1575,142.1566667,10.95416667,5309,5.494166667,422.9,-43.4625,-4.211666667,-1415.733333,0.000833333,-121.2566667,-21.63166667,-23.77166667,-20.35666667,0.1025,-21.73666667
16,2011,212.36,119197.25,45.985,119229.0833,45.99833333,0.011666667,0.0075,335.6866667,26.12083333,10812.66333,9.766666667,577.6275,241.4008333,17.66083333,7627.263333,9.769166667,412.2283333,-94.28666667,-8.459166667,-3185.4,0.001666667,-165.3975,-30.1625,-28.49583333,-26.57833333,0.0075,-30.205
16,2012,212.36,83816.91667,32.33666667,83733.83333,32.305,-0.031666667,-0.051666667,1107.28,43.30333333,15130.65,6.866666667,3031.474167,951.71,50.82416667,13290.19667,6.86,2592.095833,-155.5725,7.520833333,-1840.453333,-0.0075,-439.3783333,-16.37083333,-2.258333333,-20.20583333,-0.051666667,-16.3325
16,2013,212.36,76804.5,29.63166667,77304.58333,29.82416667,0.193333333,0.501666667,474.9958333,29.765,10759.57333,6.2925,1220.094167,440.0808333,37.60416667,11095.81,6.333333333,1115.988333,-34.9175,7.839166667,336.2366667,0.040833333,-104.1058333,-8.123333333,20.145,-2.476666667,0.501666667,-8.608333333
16,2014,212.36,86659.08333,33.4325,86863.91667,33.5125,0.079166667,0.115,379.6108333,47.055,17484.30667,7.1,881.205,352.5525,55.17833333,17572.79,7.116666667,809.3841667,-27.05833333,8.123333333,88.48333333,0.016666667,-71.82,-10.42166667,11.54,-0.703333333,0.115,-10.525
17,2010,9.0201,3042.083333,1.173333333,3013.416667,1.164166667,-0.010833333,-0.869166667,11.31333333,2.006666667,995.2175,0.01,30.66416667,7.458333333,1.263333333,757.6875,0.01,20.65666667,-3.856666667,-0.744166667,-237.5275,0,-10.00666667,-32.62833333,-36.30083333,-24.01916667,-0.869166667,-32.04666667
17,2011,9.0201,5121.5,1.976666667,5109.083333,1.970833333,-0.005,-0.210833333,16.27666667,3.153333333,1453.738333,0.0175,26.55166667,10.695,1.9875,1080.908333,0.0175,17.58,-5.58,-1.166666667,-372.83,0,-8.974166667,-34.14833333,-33.04666667,-23.5175,-0.210833333,-34.055
17,2012,9.0201,3487.5,1.345,3493.666667,1.3475,0.0025,0.323333333,18.7975,1.89,965.9025,0.011666667,46.73583333,15.815,1.641666667,775.7283333,0.011666667,39.175,-2.981666667,-0.249166667,-190.1725,0,-7.560833333,-18.76,-18.21166667,-22.72083333,0.323333333,-19.005
17,2013,9.0201,3216.666667,1.241666667,3258.75,1.256666667,0.015,1.535,9.946666667,1.480833333,908.0233333,0.010833333,25.33083333,8.8875,1.386666667,751.6741667,0.010833333,21.935,-1.06,-0.096666667,-156.3466667,0,-3.395833333,-13.67416667,-9.7,-18.205,1.535,-14.95666667
17,2014,9.0201,3591.083333,1.385833333,3621.25,1.3975,0.01,1.029166667,10.77333333,1.855,1037.311667,0.0125,24.54333333,9.228333333,1.7025,859.9158333,0.013333333,20.43833333,-1.546666667,-0.153333333,-177.3933333,0,-4.104166667,-18.40583333,-12.37083333,-18.43833333,1.029166667,-19.17166667
18,2010,1269.4,432431.9167,166.8325,430476.9167,166.0791667,-0.755,-0.460833333,1260.831667,169.8866667,41890.2,211.7783333,3372.4625,840.8716667,89.49333333,25811.13333,210.8208333,2281.289167,-419.96,-80.395,-16079.06667,-0.958333333,-1091.174167,-32.17416667,-57.73083333,-47.13833333,-0.460833333,-31.8625
18,2011,1269.4,751933.1667,290.0975,750853.25,289.6816667,-0.416666667,-0.175,1790.910833,243.6183333,61565.9,368.25,2874.810833,1179.696667,131.6991667,33215.96667,367.7216667,1900.7775,-611.2158333,-111.9183333,-28349.93333,-0.528333333,-974.0325,-33.72083333,-44.72833333,-45.49166667,-0.175,-33.62416667
18,2012,1269.4,525767.5,202.8425,525649,202.7966667,-0.046666667,0.028333333,2597.721667,218.3366667,46756.23333,257.4891667,6417.935,2250.856667,215.9041667,37235.73333,257.43,5558.84,-346.865,-2.4325,-9520.5,-0.058333333,-859.0941667,-16.28416667,-9.75,-27.43083333,0.028333333,-16.31333333
18,2013,1269.4,485599.5,187.3466667,486838.25,187.8241667,0.4775,0.185,1372.750833,135.0866667,32581.26667,237.8166667,3283.663333,1279.344167,149.6833333,30465.6,238.4241667,3008.969167,-93.4075,14.59833333,-2115.666667,0.6075,-274.695,-10.02666667,4.493333333,-11.8975,0.185,-10.205
18,2014,1269.4,551335.5,212.7075,552075.8333,212.9916667,0.285,0.090833333,1379.943333,182.7925,45275.26667,270.0116667,2929.79,1244.330833,188.3991667,41467.06667,270.3725,2602.995833,-135.6141667,5.606666667,-3808.2,0.363333333,-326.7925,-13.74,-3.0625,-13.26833333,0.090833333,-13.815
19,2010,1636.3,539867.1667,208.2833333,540433.0833,208.5008333,0.22,0.025833333,737.2875,59.45166667,30680.625,340.8116667,2120.626667,641.4283333,48.40833333,25635.36667,341.1691667,1855.434167,-95.85916667,-11.045,-5045.258333,0.3575,-265.19,-12.25166667,-17.32833333,-16.27416667,0.025833333,-12.27166667
19,2011,1636.3,958531,369.8033333,960655.5,370.6225,0.82,0.31,1414.445,113.7225,51407.09167,605.11,2388.6675,1191.09,90.5425,40498.425,606.4516667,2001.706667,-223.355,-23.18083333,-10908.66667,1.340833333,-386.9633333,-17.05333333,-19.245,-21.12166667,0.31,-17.3
19,2012,1636.3,643406.6667,248.2291667,643701.5,248.3416667,0.1125,0,3243.010833,137.995,53725.18333,406.175,8414.799167,2841.026667,150.8125,46634.55,406.3616667,7341.53,-401.9841667,12.81666667,-7090.633333,0.184166667,-1073.27,-13.625,-4.938333333,-19.45583333,0,-13.625
19,2013,1636.3,617853.1667,238.3691667,620115.25,239.2408333,0.871666667,0.37,1612.9825,107.4491667,44452.81667,390.045,4013.2675,1533.486667,123.4041667,43634.66667,391.4725,3765.303333,-79.4975,15.955,-818.15,1.4275,-247.9666667,-6.263333333,9.809166667,-8.134166667,0.37,-6.605833333
19,2014,1636.3,681498.4167,262.9225,684543.25,264.0975,1.175,0.556666667,1341.221667,149.585,60679.45833,430.2225,3049.806667,1272.0875,164.3116667,59179.51667,432.1441667,2864.875833,-69.13333333,14.7275,-1499.941667,1.9225,-184.9316667,-7.290833333,3.233333333,-7.006666667,0.556666667,-7.773333333
20,2010,4.1047,1408,0.5425,1399.666667,0.54,-0.0025,-1.0725,2.420833333,0.351666667,505.5616667,0,6.6525,2.1025,0.221666667,307.1675,0,5.785,-0.319166667,-0.129166667,-198.3933333,0,-0.8675,-13.14666667,-40.84583333,-41.25416667,-1.0725,-12.15416667
20,2011,4.1047,2481.5,0.956666667,2488.666667,0.960833333,0.001666667,0.4125,3.594166667,0.461666667,649.2266667,0.001666667,5.855833333,2.895833333,0.270833333,369.7641667,0.0025,4.735833333,-0.698333333,-0.1925,-279.4616667,0,-1.12,-18.42,-39.7325,-40.42166667,0.4125,-18.74333333
20,2012,4.1047,1655.333333,0.639166667,1655.75,0.638333333,0,-0.288333333,9.156666667,0.330833333,437.4941667,0,23.765,7.733333333,0.223333333,246.2808333,0,20.35833333,-1.4225,-0.108333333,-191.2125,0,-3.406666667,-14.895,-38.08083333,-45.46166667,-0.288333333,-14.6175
20,2013,4.1047,1589.583333,0.613333333,1596.833333,0.6175,0.0025,0.639166667,3.79,0.295833333,440.9108333,0,9.4525,3.1875,0.1675,239.7833333,0,7.936666667,-0.599166667,-0.129166667,-201.13,0,-1.515,-17.07416667,-44.13083333,-46.15166667,0.639166667,-17.63333333
20,2014,4.1047,1785.5,0.688333333,1805.583333,0.696666667,0.006666667,1.613333333,3.2175,0.37,487.775,0.000833333,7.203333333,2.609166667,0.245,273.9875,0.000833333,5.819166667,-0.605833333,-0.128333333,-213.7866667,0,-1.383333333,-18.75,-40.08583333,-44.77583333,1.613333333,-19.925
21,2010,781.19,252081.5833,97.25333333,252057.5833,97.24333333,-0.009166667,-0.05,337.4083333,31.6375,14517.11417,75.97333333,992.2491667,299.0658333,26.755,11913.1475,75.96583333,884.3591667,-38.3425,-4.88,-2603.966667,-0.006666667,-107.8908333,-12.1625,-14.91916667,-18.05833333,-0.05,-12.115
21,2011,781.19,433491.5,167.2416667,434537.6667,167.645,0.403333333,0.399166667,757.6891667,56.31166667,23305.50167,130.6475,1297.458333,639.275,47.78416667,18748.56,130.965,1071.1225,-118.415,-8.526666667,-4556.941667,0.315833333,-226.335,-20.20666667,-14.43166667,-18.21583333,0.399166667,-20.44583333
21,2012,781.19,294774.8333,113.7241667,295199.25,113.89,0.163333333,0.155833333,1778.509167,75.64416667,28773.83167,88.84,4785.930833,1575.726667,85.01916667,25453.77417,88.96833333,4210.755833,-202.7841667,9.375,-3320.0575,0.1275,-575.1741667,-12.65583333,-1.2375,-16.28833333,0.155833333,-12.78583333
21,2013,781.19,283247.6667,109.2791667,284115.5833,109.6125,0.335833333,0.405833333,888.9291667,57.8075,22003.51833,85.36666667,2280.391667,841.2766667,64.18583333,20441.13833,85.62916667,2136.768333,-47.65333333,6.379166667,-1562.38,0.261666667,-143.6233333,-5.935833333,6.46,-10.2275,0.405833333,-6.3075
21,2014,781.19,308943,119.1925,310355.0833,119.7358333,0.543333333,0.720833333,749.4208333,84.36916667,31768.39333,93.11166667,1754.151667,723.5116667,92.6375,30140.91417,93.535,1675.01,-25.90916667,8.268333333,-1627.479167,0.425833333,-79.14333333,-4.894166667,2.980833333,-7.175833333,0.720833333,-5.543333333
22,2010,0.4523,153.25,0.058333333,154.5,0.059166667,0,-0.081666667,0.139166667,0.015833333,15.795,0,0.388333333,0.073333333,0.0025,1.0925,0,0.206666667,-0.065,-0.0125,-14.7,0,-0.181666667,-42.46,-82.43833333,-93.53416667,-0.081666667,-42.3575
22,2011,0.4523,273.3333333,0.104166667,279.5833333,0.105833333,0.000833333,2.301666667,0.295833333,0.040833333,29.36166667,0,0.461666667,0.188333333,0.016666667,6.859166667,0,0.2925,-0.110833333,-0.023333333,-22.50166667,0,-0.170833333,-34.36666667,-63.82833333,-75.3725,2.301666667,-35.775
22,2012,0.4523,179.4166667,0.069166667,180.6666667,0.070833333,0,0.55,0.160833333,0.018333333,17.1125,0,0.3575,0.115,0.006666667,3.3175,0,0.264166667,-0.046666667,-0.009166667,-13.79416667,0,-0.093333333,-18.61416667,-69.84916667,-85.23333333,0.55,-19.225
22,2013,0.4523,176,0.0675,180.3333333,0.069166667,0,2.515,0.175,0.025833333,22.38833333,0,0.385,0.150833333,0.015,7.84,0,0.32,-0.025833333,-0.01,-14.5475,0,-0.064166667,-11.43,-63.5175,-79.66,2.515,-13.645
22,2014,0.4523,200.5833333,0.0775,205.4166667,0.079166667,0,2.390833333,0.151666667,0.019166667,19.52333333,0,0.3175,0.1125,0.009166667,4.108333333,0,0.231666667,-0.04,-0.010833333,-15.41583333,0,-0.085833333,-24.64916667,-68.24333333,-85.92083333,2.390833333,-26.47166667
23,2010,2.7991,983.1666667,0.379166667,980.4166667,0.38,-0.000833333,-0.445,0.861666667,0.279166667,463.7158333,0,2.408333333,0.82,0.2325,353.6191667,0,2.296666667,-0.043333333,-0.046666667,-110.0991667,0,-0.11,-4.395,-16.59666667,-23.77,-0.445,-3.9725
23,2011,2.7991,1723.5,0.665,1723.75,0.665,-0.001666667,0.114166667,1.575833333,0.436666667,643.0941667,0,2.526666667,1.474166667,0.365,491.4758333,0,2.356666667,-0.103333333,-0.070833333,-151.6183333,0,-0.168333333,-6.768333333,-15.1925,-21.67166667,0.114166667,-6.866666667
23,2012,2.7991,1150.583333,0.443333333,1150.166667,0.444166667,-0.001666667,-0.06,1.575833333,0.301666667,442.025,0,3.666666667,1.455,0.254166667,338.2241667,0,3.395833333,-0.120833333,-0.0475,-103.8008333,0,-0.271666667,-7.330833333,-15.57083333,-23.47583333,-0.06,-7.284166667
23,2013,2.7991,1124.666667,0.435,1125.916667,0.433333333,0,0.256666667,1.263333333,0.318333333,473.9808333,0,2.904166667,1.194166667,0.268333333,362.2516667,0,2.739166667,-0.068333333,-0.050833333,-111.7316667,0,-0.163333333,-5.920833333,-16.50666667,-23.82,0.256666667,-6.166666667
23,2014,2.7991,1247.583333,0.4825,1251.5,0.4825,0,0.544166667,1.180833333,0.34,491.9425,0,2.495833333,1.116666667,0.286666667,375.7791667,0,2.350833333,-0.064166667,-0.053333333,-116.1625,0,-0.144166667,-5.283333333,-16.36416667,-23.83666667,0.544166667,-5.784166667
24,2010,8.9006,2855.666667,1.1025,2771.5,1.07,-0.034166667,-2.5425,16.29333333,2.003333333,911.57,0.01,45.68916667,8.805,0.901666667,561.4791667,0.009166667,26.94833333,-7.491666667,-1.104166667,-350.0908333,0,-18.74166667,-39.94166667,-43.89333333,-30.30333333,-2.5425,-38.5275
24,2011,8.9006,5007.583333,1.931666667,4962.083333,1.915,-0.019166667,-0.975833333,25.35916667,3.626666667,1681.471667,0.016666667,43.26583333,14.15166667,1.699166667,865.5841667,0.016666667,24.00666667,-11.20583333,-1.928333333,-815.8883333,0,-19.2575,-44.17166667,-46.2825,-41.8525,-0.975833333,-44.04166667
24,2012,8.9006,3419.583333,1.319166667,3378.75,1.301666667,-0.016666667,-0.72,34.74916667,1.589166667,821.8216667,0.0125,99.95583333,26.78083333,1.129166667,488.05,0.011666667,77.91333333,-7.968333333,-0.46,-333.7708333,0,-22.0425,-26.44583333,-32.48166667,-34.67916667,-0.72,-25.94666667
24,2013,8.9006,3019.666667,1.165,3043.25,1.173333333,0.009166667,0.385,17.66166667,1.100833333,636.3916667,0.010833333,48.52,13.15333333,0.913333333,462.83,0.010833333,35.55166667,-4.51,-0.186666667,-173.5616667,0,-12.97,-24.365,-22.0275,-26.71916667,0.385,-24.99583333
24,2014,8.9006,3636.333333,1.4025,3614.5,1.395833333,-0.0075,-0.9475,16.00833333,1.925,910.8291667,0.011666667,36.91833333,12.13083333,1.615,638.6191667,0.011666667,27.12666667,-3.878333333,-0.309166667,-272.21,0,-9.7925,-29.54833333,-27.79916667,-32.33416667,-0.9475,-29.04916667
25,2010,1985.7,649075.6667,250.415,642971.25,248.06,-2.355,-0.819166667,2671.595,271.3783333,100277.85,497.2483333,7551.721667,1831.146667,136.8491667,53944.85,492.5725,5435.59,-840.4483333,-134.5316667,-46333,-4.6775,-2116.131667,-26.43833333,-38.52833333,-44.595,-0.819166667,-25.8825
25,2011,1985.7,1162193.917,448.3766667,1160247.75,447.625,-0.75,-0.2075,3791.529167,475.2441667,197577.15,890.3425,6332.913333,2461.11,238.7808333,87536.275,888.8516667,4146.815,-1330.418333,-236.465,-110040.875,-1.490833333,-2186.098333,-33.99083333,-45.18916667,-49.39083333,-0.2075,-33.96916667
25,2012,1985.7,783396.8333,302.2358333,780302.1667,301.0425,-1.193333333,-0.255,2568.504167,248.0466667,91507.675,600.1508333,6305.410833,2018.298333,181.5275,58247.2,597.7791667,5023.7325,-550.2041667,-66.52083333,-33260.475,-2.37,-1281.675833,-21.7925,-28.9625,-37.36583333,-0.255,-21.59833333
25,2013,1985.7,714294.25,275.5766667,718403.3333,277.1625,1.585833333,0.284166667,1963.3625,232.8233333,92666,547.2116667,4967.1725,1718.954167,243.9108333,93493.375,550.3608333,4128.855833,-244.4066667,11.0875,827.375,3.1475,-838.3175,-20.3375,-15.4875,-17.05166667,0.284166667,-20.73083333
25,2014,1985.7,806008.9167,310.9608333,806018.75,310.9625,0.003333333,-0.186666667,2731.825833,243.2483333,91507.675,617.4733333,6524.79,2337.500833,220.5791667,77773.25,617.4833333,5465.62,-394.3275,-22.67,-13734.425,0.0075,-1059.17,-17.6,-16.28083333,-21.845,-0.186666667,-17.4925
26,2010,570.69,189120.3333,72.96333333,186624.25,72,-0.964166667,-1.208333333,552.6666667,68.48333333,27726.0225,41.63916667,1513.561667,315.3533333,32.76666667,14409.9225,41.09,921.6525,-237.3125,-35.715,-13316.1,-0.55,-591.9083333,-37.74333333,-44.62916667,-43.325,-1.208333333,-37.03333333
26,2011,570.69,332399.8333,128.2391667,331845.6667,128.0266667,-0.213333333,-0.295833333,1006.030833,112.045,50458.5075,73.18583333,1682.3025,637.5083333,55.88,21020.415,73.0625,1060.484167,-368.5233333,-56.16583333,-29438.0925,-0.1225,-621.8191667,-36.60583333,-43.65916667,-50.12583333,-0.295833333,-36.5475
26,2012,570.69,225060.6667,86.82833333,224111.0833,86.46333333,-0.365833333,-0.304166667,1041.6025,108.6225,42706.635,49.5525,2546.334167,852.8483333,89.26583333,31863.525,49.3425,2103.736667,-188.755,-19.35666667,-10843.11,-0.21,-442.5966667,-18.87333333,-26.13833333,-31.145,-0.304166667,-18.63
26,2013,570.69,209142.75,80.68916667,209876.8333,80.97166667,0.284166667,0.085,800.1075,114.7558333,54976.47,46.0475,1940.921667,692.8166667,111.9033333,52170.5775,46.21083333,1619.770833,-107.2891667,-2.851666667,-2805.8925,0.16,-321.1475,-19.97083333,-22.22833333,-23.87083333,0.085,-20.13666667
26,2014,570.69,235875.6667,91.0025,235466.75,90.845,-0.1575,-0.370833333,1063.481667,116.0875,51837.675,51.93333333,2483.906667,928.0841667,104.3891667,43943.13,51.84333333,2140.144167,-135.395,-11.6975,-7894.545,-0.09,-343.7625,-15.52166667,-16.31333333,-20.795,-0.370833333,-15.2375
27,2010,1.903,656.5,0.253333333,657,0.253333333,0,0.068333333,0.473333333,0.1,173.4891667,0,1.3525,0.453333333,0.1,173.4891667,0,1.296666667,-0.021666667,0,0,0,-0.0575,-4.493333333,0,0,0.068333333,-4.5575
27,2011,1.903,1165.583333,0.449166667,1165.75,0.449166667,0,0.020833333,1.1625,0.154166667,239.1425,0,1.875833333,1.020833333,0.154166667,239.1425,0,1.6475,-0.141666667,0,0,0,-0.226666667,-12.43666667,-0.1225,0,0.020833333,-12.4525
27,2012,1.903,782.6666667,0.301666667,782.5833333,0.301666667,0,-0.0225,1.2525,0.128333333,170.1616667,0,2.958333333,1.160833333,0.126666667,169.845,0,2.7425,-0.091666667,0,-0.316666667,0,-0.215,-7.439166667,-1.053333333,-0.163333333,-0.0225,-7.418333333
27,2013,1.903,764.0833333,0.294166667,763.8333333,0.294166667,0,-0.03,0.961666667,0.140833333,185.0658333,0,2.2225,0.925,0.141666667,185.3825,0,2.139166667,-0.035,0,0.316666667,0,-0.084166667,-4.644166667,0.445833333,0.143333333,-0.03,-4.614166667
27,2014,1.903,852.8333333,0.33,852.75,0.33,0,-0.030833333,1.1925,0.1475,189.3491667,0,2.604166667,1.16,0.1475,189.3491667,0,2.536666667,-0.0325,0,0,0,-0.065833333,-2.975833333,-0.079166667,0,-0.030833333,-2.946666667
28,2010,2.6198,920.4166667,0.353333333,913.0833333,0.351666667,-0.0025,-0.7925,2.931666667,0.494166667,458.4633333,0,7.75,2.365,0.445833333,439.4708333,0,6.35,-0.564166667,-0.048333333,-18.99416667,0,-1.399166667,-19.1575,-6.3625,-2.5175,-0.7925,-18.49833333
28,2011,2.6198,1553.333333,0.600833333,1547.166667,0.596666667,0,-0.491666667,3.860833333,0.6025,553.4333333,0,6.591666667,3.245,0.5375,527.89,0,5.539166667,-0.616666667,-0.064166667,-25.54416667,0,-1.050833333,-16.29416667,-8.553333333,-3.566666667,-0.491666667,-15.89083333
28,2012,2.6198,1001.083333,0.386666667,1001,0.3875,0,0.071666667,2.910833333,0.255833333,303.0241667,0,7.25,2.629166667,0.248333333,300.1858333,0,6.51,-0.281666667,-0.009166667,-2.838333333,0,-0.738333333,-11.88166667,-3.9675,-1.314166667,0.071666667,-11.92083333
28,2013,2.6198,931.0833333,0.358333333,937.1666667,0.361666667,0.001666667,0.5925,1.271666667,0.251666667,311.7575,0,3.5125,1.033333333,0.250833333,311.9758333,0,2.78,-0.239166667,-0.001666667,0.218333333,0,-0.734166667,-21.96833333,-0.550833333,-0.1325,0.5925,-22.45666667
28,2014,2.6198,1073.666667,0.414166667,1078,0.416666667,0.001666667,0.325,2.97,0.279166667,333.805,0,6.895,2.165,0.276666667,333.15,0,4.926666667,-0.803333333,-0.001666667,-0.655,0,-1.969166667,-31.2925,-0.913333333,-0.25,0.325,-31.5325
29,2010,1942.7,621628.25,239.8266667,611098.9167,235.7625,-4.061666667,-1.423333333,2283.158333,267.1225,90173.65833,465.9083333,6598.226667,1343.3775,133.235,51319.65833,458.0183333,4155.735833,-939.7816667,-133.8833333,-38854,-7.890833333,-2442.489167,-37.435,-44.22083333,-44.1725,-1.423333333,-36.56083333
29,2011,1942.7,1071980.25,413.5733333,1074180.5,414.4208333,0.848333333,0.058333333,3917.291667,461.715,156711.1333,803.4483333,6887.285,2352.124167,206.4125,69451.525,805.0975,4157.626667,-1565.170833,-255.3033333,-87259.60833,1.648333333,-2729.66,-38.34,-47.70833333,-47.415,0.058333333,-38.53583333
29,2012,1942.7,737743.5,284.6233333,736542.3333,284.1591667,-0.463333333,0.135833333,3312.79,245.4266667,72689.35833,552.9383333,8617.8025,2609.530833,170.635,48567.5,552.0383333,6867.098333,-703.2583333,-74.79416667,-24121.85833,-0.9,-1750.7,-21.2775,-33.92916667,-36.1075,0.135833333,-21.3825
29,2013,1942.7,654086.0833,252.3483333,663762.25,256.0825,3.731666667,0.979166667,2099.735,232.8,74470.16667,490.2366667,5673.905,1760.895,235.5525,75441.51667,497.4883333,4495.29,-338.84,2.751666667,971.35,7.2525,-1178.6175,-23.3425,-22.03416667,-19.72,0.979166667,-24.33
29,2014,1942.7,737214.25,284.4191667,740207.4167,285.575,1.155,0.185833333,3155.915833,242.0275,71556.11667,552.5416667,8150.92,2595.4475,210.6225,61356.94167,554.785,6584.329167,-560.4691667,-31.4075,-10199.175,2.243333333,-1566.589167,-20.26,-19.85083333,-21.01833333,0.185833333,-20.45666667
30,2010,655.9,213582.3333,82.40166667,212665.8333,82.04833333,-0.353333333,-0.4325,466.6733333,55.205,22901.84167,54.0475,1328.3525,336.2033333,36.29416667,16069.55,53.815,981.67,-130.47,-18.9125,-6832.291667,-0.231666667,-346.6833333,-26.12166667,-29.75166667,-29.61583333,-0.4325,-25.81916667
30,2011,655.9,364566.5833,140.65,365595.9167,141.0466667,0.3975,0.255,870.105,91.60666667,37003.69167,92.25166667,1507.686667,640.3775,57.9375,22683.20833,92.51416667,1097.148333,-229.7291667,-33.67,-14320.48333,0.259166667,-410.5391667,-28.42666667,-32.1425,-34.64416667,0.255,-28.63083333
30,2012,655.9,247522.4167,95.49416667,247770.6667,95.59083333,0.095833333,0.160833333,749.7483333,62.585,21808.675,62.635,1855.4125,656.2275,53.72916667,18091.90833,62.69583333,1623.779167,-93.52083333,-8.855833333,-3716.766667,0.0625,-231.635,-13.74583333,-18.19416667,-21.2,0.160833333,-13.87416667
30,2013,655.9,232865.75,89.84166667,234916.6667,90.63083333,0.790833333,0.78,538.0033333,62.365,24049.66667,58.92666667,1334.198333,519.0366667,66.41083333,24924.2,59.44583333,1232.776667,-18.9675,4.044166667,874.5333333,0.5175,-101.4216667,-10.51416667,-3.23,-9.426666667,0.78,-11.22916667
30,2014,655.9,256443.25,98.93583333,258148.5833,99.59333333,0.658333333,0.668333333,736.63,63.24,22573.89167,64.8925,1782.8775,662.5691667,61.87333333,21535.38333,65.325,1571.6025,-74.06083333,-1.366666667,-1038.508333,0.431666667,-211.2758333,-12.74083333,-5.464166667,-9.34,0.668333333,-13.31333333
31,2010,1.024,356.5,0.138333333,345.8333333,0.1325,-0.005,-3.780833333,0.37,0.153333333,217.5991667,0,1.038333333,0.146666667,0.025833333,42.24,0,0.428333333,-0.2225,-0.1275,-175.3583333,0,-0.611666667,-52.18333333,-83.395,-80.54333333,-3.780833333,-50.52583333
31,2011,1.024,611.8333333,0.235,620.5,0.240833333,0.0025,3.574166667,1.093333333,0.233333333,307.7975,0,1.8375,0.56,0.040833333,59.98916667,0,0.8925,-0.5325,-0.190833333,-247.8083333,0,-0.945,-50.89,-76.04083333,-73.86833333,3.574166667,-51.65833333
31,2012,1.024,408.5,0.156666667,410.25,0.158333333,0.001666667,0.5075,1.155833333,0.2025,223.6591667,0,2.699166667,0.78,0.069166667,52.56416667,0,1.9075,-0.375833333,-0.134166667,-171.0941667,0,-0.791666667,-26.70833333,-72.87083333,-76.89166667,0.5075,-26.9025
31,2013,1.024,402,0.155,406.0833333,0.156666667,0.001666667,3.210833333,0.885,0.225,240.9816667,0,1.960833333,0.625,0.09,62.46333333,0,1.3925,-0.260833333,-0.1375,-178.5175,0,-0.569166667,-28.455,-72.17666667,-76.92583333,3.210833333,-30.0225
31,2014,1.024,427.4166667,0.165,453,0.174166667,0.01,10.16416667,1.175833333,0.2325,252.585,0,2.7025,0.896666667,0.085,60.75666667,0,2.0425,-0.28,-0.146666667,-191.8291667,0,-0.6625,-20.97,-71.84833333,-77.74833333,10.16416667,-26.71916667
32,2010,520.29,165534.1667,63.86416667,165745.8333,63.94666667,0.0825,0.113333333,189.5166667,18.68833333,8584.785,33.2275,562.0416667,185.7875,17.94916667,7587.5625,33.27,550.7941667,-3.7275,-0.736666667,-997.2225,0.0425,-11.24916667,-1.651666667,-4.055,-12.4325,0.113333333,-1.760833333
32,2011,520.29,281900,108.7566667,282542.0833,109.0058333,0.248333333,0.393333333,378.0775,34.34,13874.4,56.585,630.0866667,369.9683333,32.86583333,12617.0325,56.715,614.8591667,-8.105833333,-1.473333333,-1257.3675,0.129166667,-15.23,-2.620833333,-4.133333333,-8.315833333,0.393333333,-2.985
32,2012,520.29,188754.25,72.82166667,189209.5,72.9975,0.175,0.298333333,306.9291667,23.2825,9278.505,37.88666667,733.7425,299.5591667,22.155,8411.355,37.97916667,715.3666667,-7.369166667,-1.126666667,-867.15,0.091666667,-18.375,-2.025,-5.32,-8.670833333,0.298333333,-2.315833333
32,2013,520.29,183907.25,70.9525,184417.6667,71.1475,0.195833333,0.370833333,286.68,23.15333333,9365.22,36.915,704.6066667,281.5625,22.5025,8454.7125,37.01666667,689.7775,-5.115,-0.65,-910.5075,0.1025,-14.8275,-1.680833333,-2.3,-8.771666667,0.370833333,-2.04
32,2014,520.29,198076.1667,76.4175,198935,76.74916667,0.330833333,0.6925,310.3533333,25.75416667,9972.225,39.75833333,717.4016667,303.9808333,24.7125,8931.645,39.93166667,700.0541667,-6.3725,-1.04,-1040.58,0.171666667,-17.3475,-1.788333333,-3.34,-10.92333333,0.6925,-2.4575
33,2010,1866.6,641524.0833,247.5008333,641261.1667,247.4,-0.101666667,-0.054166667,686.1308333,54.75416667,22865.85,461.9858333,1917.771667,555.0016667,39.51083333,17266.05,461.7975,1574.865,-131.1283333,-15.24416667,-5599.8,-0.188333333,-342.9083333,-17.725,-24.77416667,-26.56833333,-0.054166667,-17.68166667
33,2011,1866.6,1127355,434.9366667,1129893.5,435.9166667,0.980833333,0.245,1596.565833,108.4183333,40131.9,811.8525,2643.848333,1253.265833,76.21833333,28621.2,813.6825,2054.050833,-343.2983333,-32.19833333,-11510.7,1.8275,-589.7966667,-23.34666667,-26.9775,-27.21833333,0.245,-23.52916667
33,2012,1866.6,741186.3333,285.9516667,741870.8333,286.215,0.265,0.075,1695.806667,149.1733333,48064.95,533.7575,4026.535,1532.790833,136.7308333,43242.9,534.2491667,3640.506667,-163.0166667,-12.44416667,-4822.05,0.494166667,-386.0283333,-10.10583333,-15.80166667,-20.42083333,0.075,-10.17
33,2013,1866.6,722733.5833,278.8325,725822.5,280.0233333,1.190833333,0.413333333,1365.574167,169.0833333,64864.35,520.4683333,3103.663333,1339.285,173.7491667,65486.55,522.6933333,2988.0475,-26.28916667,4.666666667,622.2,2.225833333,-115.6158333,-5.715,-4.7425,-13.2825,0.413333333,-6.100833333
33,2014,1866.6,799216,308.3391667,802356.5,309.5508333,1.2125,0.413333333,1679.316667,157.2625,55686.9,575.5458333,3763.94,1590.81,155.55,53975.85,577.8075,3544.649167,-88.50833333,-1.7125,-1711.05,2.2625,-219.2883333,-6.820833333,-2.269166667,-5.675,0.413333333,-7.198333333
34,2010,1.5873,489.4166667,0.188333333,489.0833333,0.189166667,-0.000833333,0.186666667,1.015833333,0.148333333,175.925,0,3.071666667,0.586666667,0.121666667,170.1058333,0,1.770833333,-0.429166667,-0.025833333,-5.820833333,0,-1.298333333,-43.49166667,-16.61666667,-3.324166667,0.186666667,-43.71
34,2011,1.5873,875.3333333,0.3375,874.5833333,0.336666667,0,-0.1825,2.090833333,0.258333333,257.8041667,0,3.589166667,1.305,0.188333333,241.6666667,0,2.221666667,-0.783333333,-0.07,-16.13666667,0,-1.366666667,-41.3925,-30.755,-5.483333333,-0.1825,-41.41833333
34,2012,1.5873,620.25,0.239166667,625,0.24,0.0025,1.094166667,2.605,0.238333333,200.5291667,0,6.476666667,2.2075,0.224166667,197.75,0,5.455,-0.3975,-0.0125,-2.7775,0,-1.02,-15.4775,-9.493333333,-2.331666667,1.094166667,-16.44166667
34,2013,1.5873,574.9166667,0.2225,592.75,0.23,0.006666667,2.704166667,1.669166667,0.245,218.3866667,0,4.265833333,1.619166667,0.260833333,223.4133333,0,3.954166667,-0.05,0.014166667,5.025833333,0,-0.310833333,-7.1375,4.814166667,1.531666667,2.704166667,-9.5725
34,2014,1.5873,628.25,0.2425,636.5833333,0.244166667,0.0025,0.989166667,2.6825,0.261666667,225,0,6.701666667,2.4475,0.261666667,225.7925,0,6.0525,-0.235833333,0.000833333,0.794166667,0,-0.65,-11.17666667,0.589166667,0.1925,0.989166667,-12.0375
35,2010,712.68,238289.3333,91.9325,235141.1667,90.72,-1.2125,-1.243333333,556.5441667,65.15,24231.12,65.51833333,1536.5125,315.3616667,29.75333333,12115.56,64.65333333,932.6208333,-241.1825,-35.39583333,-12115.56,-0.865833333,-603.8933333,-38.23833333,-45.3825,-45.6625,-1.243333333,-37.48583333
35,2011,712.68,420164.0833,162.1025,419289.6667,161.7633333,-0.336666667,-0.365833333,988.3683333,112.8408333,45136.4,115.5266667,1649.791667,632.1466667,55.4125,20073.82,115.2858333,1055.5975,-356.2191667,-57.43,-25062.58,-0.24,-594.1933333,-35.4175,-44.3725,-48.16666667,-0.365833333,-35.30416667
35,2012,712.68,279052.6667,107.66,278274.75,107.3591667,-0.3,-0.165,807.645,69.30833333,23874.78,76.72666667,1981.023333,642.4808333,51.43083333,15619.57,76.51166667,1592.496667,-165.1633333,-17.875,-8255.21,-0.215,-388.5266667,-20.79166667,-29.35416667,-35.49916667,-0.165,-20.65166667
35,2013,712.68,262227.6667,101.1683333,263636.9167,101.7133333,0.543333333,0.330833333,628.7633333,71.03,25775.26,72.10166667,1553.55,524.5916667,68.65416667,23696.61,72.48666667,1243.34,-104.17,-2.375833333,-2078.65,0.385833333,-310.21,-21.37083333,-17.74083333,-24.0275,0.330833333,-21.72833333
35,2014,712.68,297123.9167,114.6291667,297078.8333,114.6133333,-0.0175,-0.2025,817.145,78.27583333,27319.4,81.695,1892.77,693.2591667,68.41666667,21796.13,81.68333333,1567.705833,-123.8891667,-9.859166667,-5523.27,-0.0125,-325.0658333,-18.24416667,-16.76583333,-23.97833333,-0.2025,-18.12083333
36,2010,1.9542,657.5833333,0.253333333,655.6666667,0.251666667,-0.000833333,-0.6,0.511666667,0.08,114.9716667,0,1.499166667,0.465833333,0.049166667,65.14,0,1.373333333,-0.044166667,-0.031666667,-49.83333333,0,-0.1275,-8.121666667,-41.32083333,-44.07666667,-0.6,-7.5725
36,2011,1.9542,1159.916667,0.446666667,1161.916667,0.448333333,-0.000833333,0.158333333,0.82,0.115833333,161.5483333,0,1.410833333,0.755833333,0.069166667,91.195,0,1.304166667,-0.063333333,-0.045,-70.35166667,0,-0.105,-6.884166667,-37.515,-40.07916667,0.158333333,-7.035833333
36,2012,1.9542,789.3333333,0.305,788.75,0.303333333,-0.000833333,-0.256666667,0.708333333,0.0725,108.9475,0,1.7225,0.661666667,0.041666667,61.0675,0,1.618333333,-0.046666667,-0.031666667,-47.87833333,0,-0.105833333,-5.530833333,-44.87416667,-45.7075,-0.256666667,-5.3075
36,2013,1.9542,757.3333333,0.2925,758.0833333,0.2925,-0.000833333,0.1,0.531666667,0.075833333,114.3216667,0,1.2875,0.485,0.0425,63.67333333,0,1.175,-0.046666667,-0.033333333,-50.6475,0,-0.111666667,-9.245,-45.37583333,-45.29,0.1,-9.360833333
36,2014,1.9542,859.3333333,0.330833333,862.4166667,0.3325,0.000833333,0.493333333,0.636666667,0.081666667,122.7891667,0,1.386666667,0.545,0.045833333,68.07166667,0,1.184166667,-0.091666667,-0.0375,-54.715,0,-0.201666667,-14.11416667,-45.225,-45.0925,0.493333333,-14.51666667
37,2010,674.27,229339.4167,88.47833333,227978.5833,87.955,-0.523333333,-0.5075,492.105,56.92,22082.3425,59.66083333,1337.65,320.0516667,30.62333333,13204.45417,59.305,905.3575,-172.0508333,-26.29666667,-8877.888333,-0.353333333,-432.2933333,-31.0925,-44.34583333,-44.27,-0.5075,-30.75916667
37,2011,674.27,401319.3333,154.8308333,402590.9167,155.32,0.491666667,0.24,892.6208333,94.00333333,38096.255,104.3975,1483.5025,591.9533333,47.31,17811.96583,104.7283333,989.7108333,-300.6675,-46.69333333,-20284.28917,0.330833333,-493.7908333,-32.85916667,-42.68083333,-45.27916667,0.24,-33.06416667
37,2012,674.27,268677.5,103.6575,268911.1667,103.7475,0.089166667,0.120833333,762.2625,61.80833333,20396.6675,69.89333333,1839.639167,642.6925,49.89666667,15508.21,69.95333333,1559.3625,-119.57,-11.91083333,-4888.4575,0.061666667,-280.2783333,-16.01416667,-26.425,-29.635,0.120833333,-16.11333333
37,2013,674.27,251963.5,97.20833333,254599.75,98.22416667,1.0175,0.865833333,505.0825,60.85333333,23037.55833,65.545,1225.780833,482.385,66.47083333,24723.23333,66.23083333,1110.595,-22.7,5.619166667,1685.675,0.685,-115.1833333,-13.44,-11.34333333,-11.84,0.865833333,-14.25833333
37,2014,674.27,284812.1667,109.8825,286550.6667,110.5516667,0.670833333,0.505,715.9625,58.15416667,20789.99167,74.08916667,1645.218333,622.8566667,56.3025,19610.01917,74.54166667,1406.284167,-93.10583333,-1.854166667,-1179.9725,0.4525,-238.9358333,-15.41416667,-7.079166667,-10.6,0.505,-15.85
38,2010,32.53,10945.25,4.2225,10640.83333,4.105833333,-0.1175,-2.744166667,31.63833333,3.708333333,1499.090833,0.138333333,87.21166667,18.39583333,2.049166667,970.4783333,0.133333333,55.58333333,-13.2425,-1.66,-528.6125,-0.003333333,-31.62833333,-37.26416667,-36.38833333,-27.6925,-2.744166667,-35.50916667
38,2011,32.53,18681,7.206666667,18525,7.1475,-0.06,-1.055,60.275,6.070833333,2526.496667,0.235,103.0041667,40.32083333,3.6325,1509.934167,0.2325,67.77083333,-19.95416667,-2.436666667,-1016.5625,-0.000833333,-35.235,-34.9925,-37.12666667,-36.12083333,-1.055,-34.4975
38,2012,32.53,12864.66667,4.961666667,12726.08333,4.91,-0.054166667,-0.940833333,53.12083333,4.185,1512.645,0.161666667,134.0983333,41.88166667,3.2425,1108.730833,0.160833333,107.085,-11.2425,-0.9425,-403.9141667,0,-27.015,-21.6325,-24.015,-24.59916667,-0.940833333,-20.85833333
38,2013,32.53,11723.33333,4.5225,11637.25,4.49,-0.031666667,-0.875,42.055,4.684166667,1724.09,0.145833333,105.8641667,31.45333333,4.353333333,1550.596667,0.145833333,77.73,-10.60166667,-0.33,-173.4933333,0,-28.13416667,-28.59,-14.37833333,-16.0925,-0.875,-28.07583333
38,2014,32.53,13369.33333,5.1575,13224.25,5.101666667,-0.056666667,-1.2625,56.02166667,5.3125,1854.21,0.166666667,132.3525,47.10416667,4.594166667,1518.066667,0.165833333,110.4708333,-8.919166667,-0.719166667,-336.1433333,-0.000833333,-21.88166667,-18.4325,-16.19666667,-19.08333333,-1.2625,-17.435
39,2010,566.24,190792.1667,73.60833333,186822.3333,72.0775,-1.531666667,-1.9025,620.1283333,80.07416667,30482.58667,41.67916667,1677.6125,336.4408333,36.71083333,15760.34667,40.81333333,989.3741667,-283.6866667,-43.36416667,-14722.24,-0.866666667,-688.2383333,-40.765,-46.67666667,-45.03166667,-1.9025,-39.66583333
39,2011,566.24,328621.1667,126.7825,327789.75,126.4625,-0.320833333,-0.445,1077.648333,135.5683333,54547.78667,71.79,1803.766667,654.0075,64.3625,23687.70667,71.60666667,1088.635,-423.6425,-71.20416667,-30860.08,-0.180833333,-715.1308333,-38.85416667,-46.18666667,-51.97583333,-0.445,-38.77833333
39,2012,566.24,221815.0833,85.57666667,220778,85.17666667,-0.400833333,-0.244166667,795.4233333,65.77833333,23734.89333,48.45666667,1975.598333,596.7675,42.04416667,13023.52,48.23083333,1499.469167,-198.655,-23.73416667,-10711.37333,-0.225833333,-476.1291667,-25.155,-35.24916667,-43.93916667,-0.244166667,-24.94083333
39,2013,566.24,204035.75,78.71666667,205056.75,79.11083333,0.3925,0.179166667,579.3583333,60.6825,21988.98667,44.5725,1476.539167,453.0866667,57.285,19299.34667,44.79583333,1096.775833,-126.2725,-3.396666667,-2689.64,0.2225,-379.7608333,-27.96583333,-22.96416667,-29.5325,0.179166667,-28.30833333
39,2014,566.24,232712.4167,89.78166667,232161.5833,89.56833333,-0.213333333,-0.4775,789.0558333,71.72416667,25056.12,50.8375,1844.219167,638.8133333,58.18,18166.86667,50.7175,1452.7125,-150.2441667,-13.54083333,-6889.253333,-0.121666667,-391.5083333,-22.72,-27.21,-33.53666667,-0.4775,-22.43833333
40,2010,15.915,5672.916667,2.189166667,5664.416667,2.185,-0.003333333,-0.324166667,2.9625,0.153333333,214.8558333,0.035,7.811666667,2.830833333,0.0425,34.48333333,0.035,7.3875,-0.135,-0.109166667,-180.3733333,0,-0.424166667,-5.460833333,-82.93583333,-89.1575,-0.324166667,-5.163333333
40,2011,15.915,10377.25,4.003333333,10383.5,4.006666667,0.001666667,0.12,6.075,0.2525,298.4075,0.065,10.2575,5.8575,0.080833333,49.07333333,0.065,9.9125,-0.216666667,-0.174166667,-249.3375,0,-0.345,-3.2825,-66.7625,-78.60833333,0.12,-3.401666667
40,2012,15.915,6408.833333,2.473333333,6405.5,2.4725,-0.0025,-0.116666667,4.350833333,0.1675,206.8975,0.039166667,10.53666667,4.176666667,0.0525,34.48416667,0.039166667,10.1625,-0.175,-0.115833333,-172.415,0,-0.370833333,-3.5225,-84.7875,-92.41583333,-0.116666667,-3.423333333
40,2013,15.915,6434.833333,2.484166667,6437.916667,2.484166667,0.001666667,0.091666667,4.275,0.184166667,224.1383333,0.039166667,10.29916667,4.115,0.061666667,39.78916667,0.039166667,9.9,-0.1625,-0.1225,-184.3516667,0,-0.4,-4.016666667,-83.3975,-91.27,0.091666667,-4.119166667
40,2014,15.915,7225.916667,2.789166667,7237.833333,2.791666667,0.004166667,0.251666667,3.893333333,0.215833333,242.7075,0.045,8.3875,3.73,0.083333333,50.39916667,0.045,8.043333333,-0.165,-0.1325,-192.3091667,0,-0.345833333,-4.378333333,-81.23166667,-88.67416667,0.251666667,-4.618333333
41,2010,760.37,255261.25,98.48,255103.5,98.42,-0.06,-0.153333333,141.9358333,4.8775,3738.485833,74.88166667,407.7891667,139.7183333,4.244166667,2851.3875,74.83666667,401.8491667,-2.2175,-0.633333333,-887.0983333,-0.046666667,-5.940833333,-1.415833333,-19.19083333,-24.11916667,-0.153333333,-1.268333333
41,2011,760.37,467993.25,180.5525,468051.9167,180.575,0.021666667,-0.0025,267.1441667,11.02416667,6336.416667,137.2858333,468.6291667,263.1516667,9.630833333,5005.769167,137.305,462.4666667,-3.990833333,-1.393333333,-1330.6475,0.016666667,-6.161666667,-1.319166667,-16.08,-23.895,-0.0025,-1.318333333
41,2012,760.37,308162.25,118.89,308098,118.8658333,-0.025,-0.07,197.125,7.095,4308.763333,90.4,473.5183333,194.2733333,6.398333333,3548.393333,90.3825,467.3575,-2.850833333,-0.696666667,-760.37,-0.018333333,-6.160833333,-1.223333333,-11.23833333,-17.78333333,-0.07,-1.156666667
41,2013,760.37,304173.9167,117.3508333,304205,117.3633333,0.010833333,0.005,207.58,7.855833333,4498.855833,89.23,487.8766667,205.1716667,6.841666667,3548.393333,89.23916667,482.4908333,-2.4075,-1.013333333,-950.4625,0.008333333,-5.385833333,-1.035833333,-22.38,-28.08666667,0.005,-1.044166667
41,2014,760.37,343098,132.3658333,343291.25,132.4416667,0.073333333,0.0725,171.5266667,8.933333333,4752.3125,100.6491667,361.9658333,168.7391667,7.729166667,3865.214167,100.7041667,356.1475,-2.7875,-1.203333333,-887.0983333,0.056666667,-5.816666667,-1.6775,-17.42166667,-18.40583333,0.0725,-1.7475
42,2010,0.8022,255.4166667,0.0975,238.9166667,0.091666667,-0.006666667,-7.618333333,1.010833333,0.1275,143.8616667,0,3.0875,0.209166667,0.009166667,6.550833333,0,0.689166667,-0.8,-0.118333333,-137.3083333,0,-2.399166667,-79.12333333,-94.33583333,-96.1675,-7.618333333,-76.045
42,2011,0.8022,439.8333333,0.170833333,431.5,0.166666667,-0.003333333,-1.659166667,1.173333333,0.198333333,205.9666667,0,2.163333333,0.353333333,0.011666667,7.288333333,0,0.648333333,-0.821666667,-0.185,-198.6791667,0,-1.515,-69.68583333,-94.72666667,-88.63166667,-1.659166667,-68.92
42,2012,0.8022,301.0833333,0.116666667,307.4166667,0.119166667,0.001666667,2.253333333,0.735833333,0.116666667,135.7733333,0,1.87,0.36,0.01,4.88,0,0.945833333,-0.374166667,-0.105,-130.8916667,0,-0.926666667,-46.61666667,-92.2325,-96.96916667,2.253333333,-48.13666667
42,2013,0.8022,259.5,0.1,289.8333333,0.111666667,0.011666667,12.9225,0.388333333,0.114166667,140.9858333,0,1.164166667,0.258333333,0.018333333,7.085,0,0.675,-0.1325,-0.095833333,-133.9,0,-0.488333333,-32.19833333,-90.45583333,-96.33583333,12.9225,-39.39916667
42,2014,0.8022,300.0833333,0.115833333,323.6666667,0.125,0.009166667,9.433333333,0.88,0.1225,151.55,0,2.311666667,0.369166667,0.015,5.95,0,0.915833333,-0.5125,-0.108333333,-145.5991667,0,-1.394166667,-50.705,-91.51666667,-96.8275,9.433333333,-53.75666667
43,2010,1695,605144.5,233.4675,599633.0833,231.3391667,-2.125833333,-0.803333333,1516.463333,185.6066667,75286.25,395.7266667,3852.085,989.4591667,102.6908333,49013.75,392.1208333,2599.268333,-527.0066667,-82.915,-26272.5,-3.604166667,-1252.814167,-31.0275,-42.915,-35.79333333,-0.803333333,-30.48416667
43,2011,1695,1016057.917,391.9975,1016644.083,392.2233333,0.225833333,-0.026666667,2496.879167,289.1416667,116390,664.4358333,4090.9875,1708.703333,159.1908333,65822.5,664.82,2807.455,-788.1766667,-129.9516667,-50567.5,0.383333333,-1283.5325,-30.63583333,-39.70416667,-41.39333333,-0.026666667,-30.67083333
43,2012,1695,675545.1667,260.625,673693.3333,259.9125,-0.715,-0.224166667,1912.245,155.5175,54381.25,441.7633333,4592.938333,1547.536667,112.8625,38985,440.5516667,3756.658333,-364.71,-42.66,-15396.25,-1.211666667,-836.28,-18.89916667,-26.59166667,-27.05,-0.224166667,-18.71083333
43,2013,1695,634276.1667,244.7041667,637554.5833,245.9708333,1.265,0.334166667,1399.931667,151.705,55935,414.775,3506.1425,1189.045,146.48,53675,416.9183333,2879.328333,-210.8866667,-5.2275,-2260,2.144166667,-626.8116667,-19.45083333,-20.40083333,-14.22083333,0.334166667,-19.79416667
43,2014,1695,731923.5833,282.3775,733026.75,282.8025,0.425,0.04,1773.113333,150.1525,53392.5,478.63,3995.835,1489.9075,131.6475,46330,479.3516667,3311.25,-283.2091667,-18.50583333,-7062.5,0.7225,-684.5841667,-18.17583333,-18.20833333,-18.28,0.04,-18.22333333
44,2010,2.2529,860.1666667,0.331666667,858.9166667,0.331666667,0,-0.175833333,0.590833333,0.113333333,194.5,0,1.486666667,0.576666667,0.090833333,151.5083333,0,1.4475,-0.014166667,-0.023333333,-42.9925,0,-0.0375,-2.239166667,-21.02333333,-22.63833333,-0.175833333,-2.068333333
44,2011,2.2529,1482.75,0.571666667,1481.916667,0.5725,0,0.030833333,1.078333333,0.198333333,278.4208333,0,1.655,1.050833333,0.1625,218.7191667,0,1.618333333,-0.025,-0.035833333,-59.70166667,0,-0.0375,-2.391666667,-17.13166667,-19.845,0.030833333,-2.421666667
44,2012,2.2529,949.9166667,0.365833333,950.25,0.3675,0,0.029166667,0.6975,0.120833333,184.3616667,0,1.565,0.6825,0.098333333,142.4958333,0,1.536666667,-0.013333333,-0.023333333,-41.86666667,0,-0.03,-1.6475,-21.3375,-23.47416667,0.029166667,-1.683333333
44,2013,2.2529,950.9166667,0.365833333,951,0.365833333,-0.000833333,0.134166667,0.795833333,0.1425,206.3283333,0,1.834166667,0.779166667,0.116666667,162.7716667,0,1.790833333,-0.018333333,-0.024166667,-43.55583333,0,-0.040833333,-2.430833333,-18.8025,-20.845,0.134166667,-2.564166667
44,2014,2.2529,1080.75,0.415,1082.666667,0.4175,0.000833333,0.281666667,0.726666667,0.143333333,209.3325,0,1.471666667,0.7075,0.116666667,162.7725,0,1.4375,-0.018333333,-0.025833333,-46.56,0,-0.035833333,-2.398333333,-20.445,-23.22083333,0.281666667,-2.668333333
45,2010,615.28,221445.3333,85.43333333,221434.6667,85.43083333,-0.003333333,-0.01,119.8258333,3.795833333,2717.486667,52.565,317.315,119.6208333,3.694166667,2563.666667,52.56333333,316.8025,-0.205833333,-0.103333333,-153.82,-0.0025,-0.514166667,-0.1425,-2.916666667,-7.639166667,-0.01,-0.1325
45,2011,615.28,397641.1667,153.41,397644.25,153.4116667,0.001666667,0.0025,223.5525,8.204166667,4614.6,94.39083333,366.4658333,223.2958333,8,4306.96,94.39083333,366.1075,-0.2575,-0.206666667,-307.64,0.000833333,-0.359166667,-0.0875,-2.225833333,-6.525,0.0025,-0.089166667
45,2012,615.28,252458.1667,97.4,252459,97.39916667,0.000833333,-0.000833333,159.1008333,4.615833333,2614.94,59.92833333,376.3566667,158.7933333,4.514166667,2563.666667,59.92916667,375.6108333,-0.309166667,-0.103333333,-51.27333333,0.001666667,-0.743333333,-0.22,-4.166666667,-4.166666667,-0.000833333,-0.2175
45,2013,615.28,252257.5833,97.32083333,252260.75,97.32333333,0.000833333,0.003333333,167.6125,5.845833333,3230.22,59.87916667,389.4533333,167.2533333,5.693333333,3127.673333,59.88166667,388.4233333,-0.359166667,-0.155,-102.5466667,0,-1.030833333,-0.385,-2.7775,-10.41666667,0.003333333,-0.389166667
45,2014,615.28,284698.75,109.8366667,284718.25,109.8466667,0.0075,0.010833333,142.6925,6.564166667,3384.04,67.57916667,296.6716667,142.4875,6.460833333,3332.766667,67.585,296.2983333,-0.205833333,-0.103333333,-51.27333333,0.004166667,-0.374166667,-0.085,-9.524166667,-0.520833333,0.010833333,-0.095833333
